{"cameraMode":{"drawMode":0,"name":"Shaded","section":"Shading Mode"},"sceneLighting":false,"audioPlay":false,"sceneViewState":{"m_AlwaysRefresh":false,"showFog":true,"showSkybox":false,"showFlares":true,"showImageEffects":true,"showParticleSystems":true,"showVisualEffectGraphs":true,"m_FxEnabled":true},"in2DMode":false,"pivot":{"x":0.2850871682167053,"y":0.7271324992179871,"z":-0.08828580379486084},"rotation":{"x":-0.06975086778402329,"y":0.9298694729804993,"z":-0.23922675848007203,"w":-0.27111512422561648},"size":0.5661022663116455,"orthographic":false}